timestamp,filepath,sha256,size_bytes
2026-10-02T08:31:52.180069+00:00,data/raw/argo/argo_profiles_2020-01-01_2020-01-07.csv,4e709927b7caf00a3f951d09ce8385eaee6ec38988b05b152f95055790f95dfd,1470866
2026-10-02T19:11:12.086005+00:00,data/raw/ccmp/ccmp_daily_2020-01-01.nc,3727c765961b3a386f95c46bdeb0c94819fc5d9a7123d6c5093a44f9650bf8e5,235942
2026-10-02T19:12:30.142394+00:00,data/raw/ccmp/ccmp_daily_2020-01-02.nc,88bb17ee09f6757d7d10848f02c324c2237ac120fb1a6284202eab86e02e2785,235942
2026-10-02T19:13:46.331166+00:00,data/raw/ccmp/ccmp_daily_2020-01-03.nc,b07e38a8ca865f2ee4d0ed6aa58fb354d5411ca2310876a1cc165a632362e6ff,235942
2026-10-02T19:15:48.976671+00:00,data/raw/ccmp/ccmp_daily_2020-01-04.nc,4dc23f298db7c7b3acd2428c1dd969a5b21efa0b62ccf0ffe82080674134039b,235942
2026-10-02T19:17:15.848267+00:00,data/raw/ccmp/ccmp_daily_2020-01-05.nc,afbc5226027601b97d0b3ff9f31a0ba528445c29095585190cfaed564728fe64,235942
2026-10-02T19:19:00.228048+00:00,data/raw/ccmp/ccmp_daily_2020-01-06.nc,71744715b339eb194284a382915eab787bdd0205c02463a9d8f2838f633daa6e,235942
2026-10-02T19:20:28.182263+00:00,data/raw/ccmp/ccmp_daily_2020-01-07.nc,f140fa442a8d0a9f77eac345798dc3592d184d94e36e34bd6e9ee481afee21a0,235942
2026-10-03T04:11:05.491825+00:00,data/raw/ostia/ostia_sst_2020-01-01_2020-01-07.nc,04ebd1409bc311e916dd6129abf211d898f0d3508aec6fadba5f0b91aa1dacec,8432372
2026-10-03T04:11:14.891539+00:00,data/raw/sss/sss_multi_2020-01-01_2020-01-07.nc,7dab0d59bf18658bd8d9dc338abbb5840e571e09a02fa89abb1126567ce456a2,2709758
2026-10-03T04:11:24.202371+00:00,data/raw/duacs/duacs_sla_2020-01-01_2020-01-07.nc,1ee874e0df1bc663b0eaf501594f3b2a88657760a331666a90198fdb2aa19da6,1372618
2026-10-03T05:34:57.090931+00:00,data/raw/oscar/oscar_2020-01-01.nc,25b37144f8c661872530bdef48178c08a498b19e7e97a0f86ecae42903ee1742,424878
2026-10-03T05:36:30.909613+00:00,data/raw/oscar/oscar_2020-01-02.nc,5cf791d9208979eb8c3f8f6a8dd3cd6466142b68bd94139174d2151c5e7098c0,424878
2026-10-03T05:36:45.874394+00:00,data/raw/oscar/oscar_2020-01-03.nc,bb08b54cd82ff73ffa9d670a9fb3c0f83baa906c008d411000d4bb5e92a29321,424878
2026-10-03T05:37:01.443661+00:00,data/raw/oscar/oscar_2020-01-04.nc,57eac982ae77a46cc8bc506b177cb62d929675b3b80ca115bd48d52fdf65d3b3,424878
2026-10-03T05:37:16.499689+00:00,data/raw/oscar/oscar_2020-01-05.nc,c6c7309bb268987f098a5875aab1a213b956bb3a96dc656830ca53310b0a951c,424878
2026-10-03T05:37:34.084807+00:00,data/raw/oscar/oscar_2020-01-06.nc,14e37697677dedb81678640b1405779210fc014b64b2e4ef27e590284fa894f2,424878
2026-10-03T05:37:49.356032+00:00,data/raw/oscar/oscar_2020-01-07.nc,59aa0f0ba5fb282169a03c38e0e772d73bee2de1366c6bf10d49250170eeee61,424878
2026-10-03T06:32:43.449682+00:00,data/raw/glorys/glorys_thetao_2020-01-01_2020-01-07.nc,f6434a7d69800a90e673c69a183908087a0e3216418f7cbcb075893224dd7fdd,109406282
2026-10-03T06:42:21.346560+00:00,data/raw/oscar/oscar_2020-01-08.nc,01e8a4084e24b863a06f5cfd6cd39f3172b49dda360c68c5edcbf2c0e4b82178,424878
2026-10-03T07:35:19.008441+00:00,data/raw/argo/argo_profiles_2020-01-01_2020-12-31.csv,a804059ef90a78345dd5aa4c182eceb62c38c954903cf6dd0dabc828c43ca2ae,78379413
2026-10-03T07:37:31.746010+00:00,data/raw/duacs/duacs_sla_2020-01-01_2020-01-31.nc,6f3e4ec9d7bf6859aeb1f87dbf08389d084ba4ed3af5a8b7312b128340e0ccdb,5980510
2026-10-03T07:37:44.912054+00:00,data/raw/duacs/duacs_sla_2020-02-01_2020-02-29.nc,dea19e36d6416e7b16415c0d1fecc8e250a3ce8f5cd419a80a6827f5b8bc0d34,5596510
2026-10-03T07:38:03.569652+00:00,data/raw/duacs/duacs_sla_2020-03-01_2020-03-31.nc,db043c169f12de8751b0eae25e7c414c14279c661de342f25bd8386b71823d7e,5980510
2026-10-03T07:38:17.619135+00:00,data/raw/duacs/duacs_sla_2020-04-01_2020-04-30.nc,2a9183daa77ba461ccf341596d6b10b2af1eae872282450540b17aaccd1f8027,5788510
2026-10-03T07:38:31.376481+00:00,data/raw/duacs/duacs_sla_2020-05-01_2020-05-31.nc,ed542d875990cf01178a8739b3ed43b878fe794c0b9f1136e4477bf0e58dbf44,5980510
2026-10-03T07:38:44.996825+00:00,data/raw/duacs/duacs_sla_2020-06-01_2020-06-30.nc,92d8e3cde4de31d72691a928d253fa62746acfd9eac474d5a7abe34e0049c8db,5788510
2026-10-03T07:38:58.544859+00:00,data/raw/duacs/duacs_sla_2020-07-01_2020-07-31.nc,675a2459e3de29fd599000f7e4a38f02fed2982bd303668accb140fd0f8f6506,5980510
2026-10-03T07:39:13.136276+00:00,data/raw/duacs/duacs_sla_2020-08-01_2020-08-31.nc,dec2e24daccdff0df8ed294bb84313c1583eb0df95318ee6f31a3816c2a8279e,5980510
2026-10-03T07:39:28.844433+00:00,data/raw/duacs/duacs_sla_2020-09-01_2020-09-30.nc,62cadcf891ff43b004cefe6122ba3299ad5b1f09f3b13a3bdbcd40bf18f63cb4,5788510
2026-10-03T07:39:42.268714+00:00,data/raw/duacs/duacs_sla_2020-10-01_2020-10-31.nc,ae73ecf9b233d4927aa5e6bdf48566c8bfb3aee24ca073c631590cd5446c4388,5980510
2026-10-03T07:39:55.880274+00:00,data/raw/duacs/duacs_sla_2020-11-01_2020-11-30.nc,83f9c1fbb2cb9bd45135bf1d296d0d89cc9e09281bae665efcee92c75682d5fc,5788510
2026-10-03T07:40:11.420203+00:00,data/raw/duacs/duacs_sla_2020-12-01_2020-12-31.nc,32e1d5c7d4a755fcc002007275914577b0e7b82c769ba211a89ca5e76558be67,5980510
2026-10-03T07:42:04.867191+00:00,data/raw/sss/sss_multi_2020-01-01_2020-01-31.nc,0a96a00e95c4a5c324d5fe55e4349da00a537ddb3957be873e63544fa2185194,11927056
2026-10-03T07:42:16.117202+00:00,data/raw/sss/sss_multi_2020-02-01_2020-02-29.nc,4be2b98a2bde28c9de1c437d258d1183559bf10aff4325c654bdd03094d1ea88,11159056
2026-10-03T07:42:27.864846+00:00,data/raw/sss/sss_multi_2020-03-01_2020-03-31.nc,7020d803c0210b77b4a2e1dcb18e68b4f2375157f6ed40155028badf5a85e2ae,11927056
2026-10-03T07:42:40.491146+00:00,data/raw/sss/sss_multi_2020-04-01_2020-04-30.nc,77340e67f55405e7a3faad93e6a745500ff4e7d7b7f03f693d523348a6dd5f47,11543056
2026-10-03T07:42:51.734001+00:00,data/raw/sss/sss_multi_2020-05-01_2020-05-31.nc,9014dd994f6330de1abf404c25d678ed7ee58679a7c2e8f259e20593363b9556,11927056
2026-10-03T07:43:03.185773+00:00,data/raw/sss/sss_multi_2020-06-01_2020-06-30.nc,522640393016d76810d1135a1119989d55f984ed48a179ea0caa359c560c2216,11543056
2026-10-03T07:43:15.010595+00:00,data/raw/sss/sss_multi_2020-07-01_2020-07-31.nc,a1396f3991f90cf96412dfb43e4353da76915890df9434ace082b4a0b7b9959f,11927056
2026-10-03T07:43:27.296575+00:00,data/raw/sss/sss_multi_2020-08-01_2020-08-31.nc,f8f6760522558ca92b4d31cb8eca5a992e2e970ea63afd87b5157103384c4f02,11927056
2026-10-03T07:43:38.594859+00:00,data/raw/sss/sss_multi_2020-09-01_2020-09-30.nc,6d165c52142abfa4e3487650ebc8cda9e0d647bdfc5a746bcce3ea4b004f5087,11543056
2026-10-03T07:43:50.451863+00:00,data/raw/sss/sss_multi_2020-10-01_2020-10-31.nc,2924cffc24fbf8c23cf3de5fb28a736243510eb64f4870f7f476f55518bcb52a,11927056
2026-10-03T07:44:02.682775+00:00,data/raw/sss/sss_multi_2020-11-01_2020-11-30.nc,8f7082f5490dbf8d984d543771066b6d1636ec01071de636dc05ca03c25397cb,11543056
2026-10-03T07:44:13.855931+00:00,data/raw/sss/sss_multi_2020-12-01_2020-12-31.nc,83911ae98edcb459b7c6524b1b7d191184e847e2ef97d5de94aba4024812956b,11927056
2026-10-03T07:44:51.604880+00:00,data/raw/ostia/ostia_sst_2020-01-01_2020-01-31.nc,f6e671a752daee9f1eb72ba6733ee2720b4f577814d9e6dad0f27603cee78f35,37232578
2026-10-03T07:45:04.798923+00:00,data/raw/ostia/ostia_sst_2020-02-01_2020-02-29.nc,8a9d99f2b24fe443df22a535ced61d5e9456e0ed24b6e57edc0bd7824b24a17a,34832570
2026-10-03T07:45:17.833569+00:00,data/raw/ostia/ostia_sst_2020-03-01_2020-03-31.nc,c8fcf3ba20a8c4e7caaeb599160d857e5124d707aae39652eea5554837153ac4,37232578
2026-10-03T07:45:33.274307+00:00,data/raw/ostia/ostia_sst_2020-04-01_2020-04-30.nc,de7832710ae9ecdcf53578f9965029edb535496d4f72e327670a3ce30b20fe02,36032574
2026-10-03T07:45:47.132648+00:00,data/raw/ostia/ostia_sst_2020-05-01_2020-05-31.nc,a00919d8049f14a1992faa72bcf7ecd5ef9d19ffb5682561c89b583d4a2cc5c0,37232578
2026-10-03T07:46:01.584913+00:00,data/raw/ostia/ostia_sst_2020-06-01_2020-06-30.nc,d02097598234f7c1b1b9427ef2be2925de5331fd7f7268ac9cb1fa32a6c7951d,36032574
2026-10-03T07:46:14.534030+00:00,data/raw/ostia/ostia_sst_2020-07-01_2020-07-31.nc,0b941bb8dd4980a77fa60d777e24ba9c3e9e49bd4f626c16bda4fc487a4e038b,37232578
2026-10-03T07:46:27.260732+00:00,data/raw/ostia/ostia_sst_2020-08-01_2020-08-31.nc,dbebfda150f534460051ad8f684d32776ae9c3980d6ad30a24fd1d352c969a24,37232578
2026-10-03T07:46:42.355675+00:00,data/raw/ostia/ostia_sst_2020-09-01_2020-09-30.nc,900e9f6dc2f3fdd4681e20cf133086c14651c4adebb73d526a1be900a8ef575d,36032574
2026-10-03T07:46:56.540400+00:00,data/raw/ostia/ostia_sst_2020-10-01_2020-10-31.nc,29d42170227ab046289cf8ad487d9d9cd10d5c2adb983f631b4ab429cb00d6a5,37232578
2026-10-03T07:47:09.980327+00:00,data/raw/ostia/ostia_sst_2020-11-01_2020-11-30.nc,6a92112640f188a2b952279e09df09c1afdd732c7f058b16206ebad02ededd90,36032574
2026-10-03T07:47:23.423084+00:00,data/raw/ostia/ostia_sst_2020-12-01_2020-12-31.nc,1deab155b9a329e2246ba88deb9ec5372c431fc3f2058aac225e1dd6e1ed23b9,37232578
2026-10-03T07:54:26.914861+00:00,data/raw/glorys/glorys_thetao_2020-01-01_2020-01-31.nc,ea840b2fe5f3cece2a5eaf57cf22f7f2996f7b7caf85be2cac9b93f5303ab01c,484418558
2026-10-03T07:56:01.317597+00:00,data/raw/glorys/glorys_thetao_2020-02-01_2020-02-29.nc,65c887b4eb08a7a12c2fe85cc1f509b585cb7cb17a5ea851e63703e22153e467,453167534
2026-10-03T07:57:43.765822+00:00,data/raw/glorys/glorys_thetao_2020-03-01_2020-03-31.nc,f034a3da00d368b046a6a064fac88d517d53c79ca364cd06d23d53c3bb608a5b,484418558
2026-10-03T07:59:21.193318+00:00,data/raw/glorys/glorys_thetao_2020-04-01_2020-04-30.nc,a6ad785d12b65c6e629dcc6630d19c66ce0049be62ddad32b2dd4ee039645fb0,468793046
2026-10-03T08:01:07.752634+00:00,data/raw/glorys/glorys_thetao_2020-05-01_2020-05-31.nc,5c905e9745f4726026024b860735e61bc923d6e652ef1d925c36560ebbb27e3e,484418558
2026-10-03T08:02:49.250814+00:00,data/raw/glorys/glorys_thetao_2020-06-01_2020-06-30.nc,fd52b8b6fcad9a2cf43b4f6ae076e2be8e93a96ed5c154c059a5ac607d6dea62,468793046
2026-10-03T08:04:33.953320+00:00,data/raw/glorys/glorys_thetao_2020-07-01_2020-07-31.nc,148b993af08a5dd6da69f11f859eba07dbaca409726117720126768c5acd11ea,484418558
2026-10-03T08:06:23.462739+00:00,data/raw/glorys/glorys_thetao_2020-08-01_2020-08-31.nc,d261ae647dd03505daa12a483926861aa94f31c8130e7523c07838e731709acf,484418558
2026-10-03T08:08:10.270643+00:00,data/raw/glorys/glorys_thetao_2020-09-01_2020-09-30.nc,14fb2573146102547f2ba94dbcbe16b435590d9b12d52293fe6e429fedb49758,468793046
2026-10-03T08:09:58.482785+00:00,data/raw/glorys/glorys_thetao_2020-10-01_2020-10-31.nc,d10f8df66dc794cf8d0747d3e026924e2e866b175ea2886402320ca5bfe144c6,484418558
2026-10-03T08:11:34.249611+00:00,data/raw/glorys/glorys_thetao_2020-11-01_2020-11-30.nc,0e59d2990b54650f16cd2c65e8003413d54231fac199c93c7e7c7e768869cfcf,468793046
2026-10-03T08:13:17.593572+00:00,data/raw/glorys/glorys_thetao_2020-12-01_2020-12-31.nc,0fe3e39d455e1fc6616a3b38a1d27383a94103885dba8a93a73dc3fd075cb076,484418558
2026-10-03T08:18:22.446626+00:00,data/raw/ccmp/ccmp_daily_2020-01-08.nc,cdd71476f233ebe1ffbf86f374bd84b5af4e19d397a64715af8cddbd1023d4bc,235942
2026-10-03T08:20:09.317188+00:00,data/raw/ccmp/ccmp_daily_2020-01-09.nc,be2470ea260d2e1ae7c563d3c3c2f3a8c5aea43cca0a3dd4ce0ea60ca4662e03,235942
2026-10-03T08:23:18.923999+00:00,data/raw/ccmp/ccmp_daily_2020-01-10.nc,9144a010e6175d19601d40b35b733651e602ff392a7b389393002eef7d8a8be5,235942
2026-10-03T18:39:40.607301+00:00,data/raw/ccmp/ccmp_daily_2020-01-11.nc,83c8c32b08ef1a579d0873d6f6ec4be3230ab6c2eeaac4f78838f3a3ebb4134d,235942
2026-10-03T18:41:37.105720+00:00,data/raw/ccmp/ccmp_daily_2020-01-12.nc,6e6564f59622ac308a418b04a9df9c5289b9f0ec339e4f884c1ea97732d972bf,235942
2026-10-03T18:43:14.618167+00:00,data/raw/ccmp/ccmp_daily_2020-01-13.nc,bbce078fd638cefd4ebab90b002787f7279d1d81fefa59290c9acf304686df85,235942
2026-10-03T18:44:55.828769+00:00,data/raw/ccmp/ccmp_daily_2020-01-14.nc,a0278b697c6806708c1e1fabd70bc572391e02e2aafe8287abda0ff56015ee3d,235942
2026-10-03T18:47:24.999939+00:00,data/raw/ccmp/ccmp_daily_2020-01-15.nc,a9dd26205b863a4643b06c60007e9348b6ba2df64c54213b6022b7d60becc030,235942
2026-10-03T18:50:59.972066+00:00,data/raw/ccmp/ccmp_daily_2020-01-16.nc,20cb4181097ea8bfc9fe5b5361f7da5933602dbd0436e822e09988048a394784,235942
2026-10-03T18:55:00.873351+00:00,data/raw/ccmp/ccmp_daily_2020-01-17.nc,7e17b4488bf1fc53cc57c2cb1cf09357a31adc8ca21fd9989fd44baffbb393fd,235942
2026-10-03T18:57:43.704960+00:00,data/raw/ccmp/ccmp_daily_2020-01-18.nc,4727626d0213b4b8953e120df25d0f2e259f6ef7395972e1ec7a845e5c4e1f23,235942
2026-10-03T19:01:00.323474+00:00,data/raw/ccmp/ccmp_daily_2020-01-19.nc,d2ac154932efbe85561df9a0b956fa6489f6091b294cbd61700fb5c202a6aa48,235942
2026-10-03T19:03:23.717607+00:00,data/raw/ccmp/ccmp_daily_2020-01-20.nc,ebfd386ec4d888d9df54db45703542575b09b0cad8732fe9014f7e186a72ae83,235942
2026-10-03T19:06:33.712314+00:00,data/raw/ccmp/ccmp_daily_2020-01-21.nc,f772d29e3af0dbe3f582e2fc995276bcf45601ba6e9f09b6df47b24b676a1c90,235942
2026-10-03T19:09:44.922628+00:00,data/raw/ccmp/ccmp_daily_2020-01-22.nc,994539b176635850fe2837714ffa049c2becbe6a16665bd8b0e1d7f327cecb7a,235942
2026-10-03T19:11:04.753269+00:00,data/raw/ccmp/ccmp_daily_2020-01-23.nc,4b3b55f8af9a8c04e82ad973ae2d2a12f1045da0b89237000b872eec122acce0,235942
2026-10-03T19:12:53.815981+00:00,data/raw/ccmp/ccmp_daily_2020-01-24.nc,93f2321c6a58732ebda7a7182b2914cb13f74689a3d227196994b4d9039da2e4,235942
2026-10-03T19:13:23.363596+00:00,data/raw/ccmp/ccmp_daily_2020-01-25.nc,76e122774a2442d5f3d4f9d4b01ece44cda05ab248d858a8960264c2fc358981,235942
2026-10-03T19:15:28.444580+00:00,data/raw/ccmp/ccmp_daily_2020-01-26.nc,b358cc24c4c7a7a5d22f1114809f87d04b6c06f49912ef41f5d3e392fb82f493,235942
2026-10-03T19:18:10.237142+00:00,data/raw/ccmp/ccmp_daily_2020-01-27.nc,4e22287c15c68584afc0b4c14a53570fcb4a69d4511ca331debe3433b5df2b72,235942
2026-10-03T19:20:49.380452+00:00,data/raw/ccmp/ccmp_daily_2020-01-28.nc,55b7565517824d67dcfb5005b157897d8ed5e4ca57fc91fbe7989aaf5e1d4211,235942
2026-10-03T19:23:53.510385+00:00,data/raw/ccmp/ccmp_daily_2020-01-29.nc,7ce8cc1cb7c18f81c30d4ebe1f3d44d83d2223ff6cb8ec1ac6f56f9f7cb9333a,235942
2026-10-03T19:26:32.494579+00:00,data/raw/ccmp/ccmp_daily_2020-01-30.nc,d2d23157eca4aa892901d7fff7fabca908c0bbf980b799de8fbfc7a4272ad335,235942
2026-10-03T19:28:48.901069+00:00,data/raw/ccmp/ccmp_daily_2020-01-31.nc,e965effde3b3f634e458c7030e516f86e71c876a917ec0089534d4878097d889,235942
2026-10-03T19:30:39.146008+00:00,data/raw/ccmp/ccmp_daily_2020-02-01.nc,b23936ec5d8ea996c5a01160c464618f797eef1f4fa2abeae562c39fbe99e9fe,235942
2026-10-03T19:32:24.601526+00:00,data/raw/ccmp/ccmp_daily_2020-02-02.nc,ba627362586729ea95d225f6133784a80f5679d91c57853c8a0f4ff6cd35e7d6,235942
2026-10-03T19:34:20.706218+00:00,data/raw/ccmp/ccmp_daily_2020-02-03.nc,b4b9c481b233075de880f967285c0328c28e70ce7e369629d73a3d8562ac0153,235942
2026-10-03T19:36:11.465447+00:00,data/raw/ccmp/ccmp_daily_2020-02-04.nc,1c7c9c2039b154ce974b93911d471d0fcdb004d6cd812954032baaec83237837,235942
2026-10-03T19:38:05.011256+00:00,data/raw/ccmp/ccmp_daily_2020-02-05.nc,2d65eeb7c6d212d2044a83088be306b746c030221dee37f9ed2a1287d9a3b36d,235942
2026-10-03T19:40:42.199976+00:00,data/raw/ccmp/ccmp_daily_2020-02-06.nc,80b98eb21cb559640de13a40d45e582bae2df88eaba7233e7f670d6150f91066,235942
2026-10-03T19:42:46.306677+00:00,data/raw/ccmp/ccmp_daily_2020-02-07.nc,dd3494c710b1357377ff0f06c27a9306035b06c7923e03f7ed128c58e6ddb82a,235942
2026-10-03T19:44:09.661535+00:00,data/raw/ccmp/ccmp_daily_2020-02-08.nc,66ce4b260f6555832474ad8b97c3ca6344dd8bf1efb10ec46d3d4f5b02e873f6,235942
2026-10-03T19:45:51.713246+00:00,data/raw/ccmp/ccmp_daily_2020-02-09.nc,ab7ca8e2683f32cb2afe912510a7dd0a04700a2d7177d1ca4ae81375c2272dd1,235942
2026-10-03T19:48:24.336390+00:00,data/raw/ccmp/ccmp_daily_2020-02-10.nc,c074e9345ecdf25afd45a8b427f7c5e94e01145252372346c8b6656ba8e93d6d,235942
2026-10-03T19:50:48.517081+00:00,data/raw/ccmp/ccmp_daily_2020-02-11.nc,b01053cf05a90bf0b87169d8228cbf586954e44a31864d133952b7ebf7370024,235942
2026-10-03T19:52:12.437765+00:00,data/raw/ccmp/ccmp_daily_2020-02-12.nc,0673810fb7fa6bc7e14f783ea47421f4b5098d0a00561caa002ea524f9089f03,235942
2026-10-03T19:54:14.812381+00:00,data/raw/ccmp/ccmp_daily_2020-02-13.nc,3b7fc15d0be05779cf3bcf4c872cba0221f656a6c50481a73e55651d85b70829,235942
2026-10-03T19:56:39.115234+00:00,data/raw/ccmp/ccmp_daily_2020-02-14.nc,289cb392b1c6e2fd6dc8bd0567f2f07969dc17b5897f91acc42d71382190e79a,235942
2026-10-03T19:59:05.072565+00:00,data/raw/ccmp/ccmp_daily_2020-02-15.nc,216d0c767f53aeb1591f78720786f2733f5b4af6155a95cc74bb48be905dc107,235942
2026-10-03T20:02:11.364278+00:00,data/raw/ccmp/ccmp_daily_2020-02-16.nc,f3e4c4440cd248e12e32795507354944a8da83193d0fcc58f5a635ab9492532e,235942
2026-10-03T20:04:28.648554+00:00,data/raw/ccmp/ccmp_daily_2020-02-17.nc,4de6e59e0b4be12b47fdff692ee0e782e83c50347161fbfd06f460fe9b6ab627,235942
2026-10-03T20:07:31.289890+00:00,data/raw/ccmp/ccmp_daily_2020-02-18.nc,05ac5213653162279ef61443a257c8485f446b5fcab33c45ff7a0dedbd79eae0,235942
2026-10-03T20:08:58.369772+00:00,data/raw/ccmp/ccmp_daily_2020-02-19.nc,6152d679861f332dea629f9b1b04b06471d73d3ec9e1f4eea626a2223952dbed,235942
2026-10-03T20:11:24.835176+00:00,data/raw/ccmp/ccmp_daily_2020-02-20.nc,d2e2e864c86f38b18a9fbbde6804f111aa08cd389aa004686506cf6dcaf60734,235942
2026-10-03T20:13:44.714876+00:00,data/raw/ccmp/ccmp_daily_2020-02-21.nc,d921d9c65bb13f827f833d7abde16e52fcb15ce79909ddefe23b28d7cc21690a,235942
2026-10-03T20:16:02.327874+00:00,data/raw/ccmp/ccmp_daily_2020-02-22.nc,1fa4a0f4d4cc6caff5493f9cee9c05b0e72cd92bef8651e210b1eafa9f2ac8b5,235942
2026-10-03T20:18:22.094218+00:00,data/raw/ccmp/ccmp_daily_2020-02-23.nc,82329230e19fa668c14e61af3ab972d6089d998c59e202423c0277f75e8f1533,235942
2026-10-03T20:20:20.621060+00:00,data/raw/ccmp/ccmp_daily_2020-02-24.nc,f43e1c8f520869ee9aca4497c5982845a7a91e2552ef73cc6e908e8ef66cc60e,235942
2026-10-03T20:21:23.743498+00:00,data/raw/ccmp/ccmp_daily_2020-02-25.nc,0ba3c718dd5e5da4f7b8a31a0e11e0a0a2da62c357f636cfa952df32f811fa8a,235942
2026-10-03T20:23:43.584191+00:00,data/raw/ccmp/ccmp_daily_2020-02-26.nc,3a441801d2cf0a708ab6e9341012eb6a69dcefaf702fccda928808d99bb93336,235942
2026-10-03T20:25:37.398834+00:00,data/raw/ccmp/ccmp_daily_2020-02-27.nc,a97eebc37862c8987e9f7bd393632e3a02c0acb50a0e612638642338a1566627,235942
2026-10-03T20:27:12.108805+00:00,data/raw/ccmp/ccmp_daily_2020-02-28.nc,bf73c5b2e78fdbeb00223531bc7a10ccb795c8645c50dd2dceebb4bad1655d48,235942
2026-10-03T20:29:44.217476+00:00,data/raw/ccmp/ccmp_daily_2020-02-29.nc,da04e01ead81ddaf0edbb551cb4d524e10734ff652b05cadd521f2d0b72fb30b,235942
2026-10-03T20:31:36.673917+00:00,data/raw/ccmp/ccmp_daily_2020-03-01.nc,c5316f13140a63f83aee7a17351359646885da1d36605b1f35a90cf0d13875e7,235942
2026-10-03T20:32:42.318749+00:00,data/raw/ccmp/ccmp_daily_2020-03-02.nc,13287ca241cf8a18e42e74de1971aec4ac4921002694eb7ae02471c6b7acd7c5,235942
2026-10-03T20:34:03.066063+00:00,data/raw/ccmp/ccmp_daily_2020-03-03.nc,9d3646a6bc6584d11b384c050311decae5e55ff89f9fbe1c7a1290a5a6caa914,235942
2026-10-03T20:36:15.110537+00:00,data/raw/ccmp/ccmp_daily_2020-03-04.nc,42e7d0d56c2e31e23aa0a52192b71ba27368ed9743dba6b5c6e2888d4217bab0,235942
2026-10-03T20:38:52.312126+00:00,data/raw/ccmp/ccmp_daily_2020-03-05.nc,ae6b42011860343a53e37ffd0443f3949e1f28bafcd77e5bbb164140bcd80a71,235942
2026-10-03T20:40:56.427907+00:00,data/raw/ccmp/ccmp_daily_2020-03-06.nc,1ff0496153b5f22074a2bfe30f209a8eb2a83b371e9b4ef5a13eb1c5c8225118,235942
2026-10-03T20:42:42.428330+00:00,data/raw/ccmp/ccmp_daily_2020-03-07.nc,93da8f0487bf19a78b9683b285f9af52a8abd681533d4a9723c30e56608e28b7,235942
2026-10-03T20:44:01.898792+00:00,data/raw/ccmp/ccmp_daily_2020-03-08.nc,aae8d5126ae0689e9b9127d18328f87b800f9153e27cb185957ea19c089f9040,235942
2026-10-03T20:45:34.894826+00:00,data/raw/ccmp/ccmp_daily_2020-03-09.nc,16af0258ebf97a8ad91920273141df6be4a4cda24f9dbd41ed7e9455340b1d89,235942
2026-10-03T20:47:57.159481+00:00,data/raw/ccmp/ccmp_daily_2020-03-10.nc,462d4dee9396fb437d8e7e31e1c5978cc5377de7979e6b87bbc967536747ba8c,235942
2026-10-03T20:50:28.999248+00:00,data/raw/ccmp/ccmp_daily_2020-03-11.nc,54f4d2359c4551ea25d003b6bcad8a867cba46eab52b3cd0aac42ff4c0f22b33,235942
2026-10-03T20:51:21.444708+00:00,data/raw/ccmp/ccmp_daily_2020-03-12.nc,8a67180fedce1e448104fa16e8efab1d3aa5dcbdf37454054069f289578a4fce,235942
2026-10-03T20:54:10.812329+00:00,data/raw/ccmp/ccmp_daily_2020-03-13.nc,6354b3a10f16d380e631dcde83651d9546d283add9e7bf435dc8ae1079b22fdc,235942
2026-10-04T03:58:21.044929+00:00,data/raw/ccmp/ccmp_daily_2020-03-14.nc,7800f2413c2ebd2ecb2512bcf3a1db9d9ed2abacddb9b95c50004b8d58cdad48,235942
2026-10-04T04:01:18.955547+00:00,data/raw/ccmp/ccmp_daily_2020-03-15.nc,53037b1f4a31af58aea7cf1a104740b63c7180cb519df575eedb1a5151893c1c,235942
2026-10-04T04:02:45.031167+00:00,data/raw/ccmp/ccmp_daily_2020-03-16.nc,dbfd35a2d5ec7c63e27e9401513b8b67b9436d4f6cf9da42c4db0a139baca8e2,235942
2026-10-04T04:04:03.118561+00:00,data/raw/ccmp/ccmp_daily_2020-03-17.nc,fb964c8d359de4659bd3e658ab13d83b4be7211f92b37f27cae27b46945bbe61,235942
2026-10-04T04:05:41.500289+00:00,data/raw/ccmp/ccmp_daily_2020-03-18.nc,734734fac4eaa729d53683b0cd2627095feb196c03ee680e3ed903ee70112a7e,235942
2026-10-04T04:07:24.197996+00:00,data/raw/ccmp/ccmp_daily_2020-03-19.nc,6ab7a425bc975c36e3b8a2e581997ebd8e28199f80b6fd9e6f7b5fb3f6f44678,235942
2026-10-04T04:08:14.758377+00:00,data/raw/ccmp/ccmp_daily_2020-03-20.nc,5049a144b0eaed189d8b1863f90a2bb006c85b86af43d3ec820357954f146f54,235942
2026-10-04T04:10:17.275740+00:00,data/raw/ccmp/ccmp_daily_2020-03-21.nc,ee7a7db9d079ae47a58128241243a2f5223dc446bc32739f5ecd32fe42551395,235942
2026-10-04T04:11:52.551394+00:00,data/raw/ccmp/ccmp_daily_2020-03-22.nc,d4e992fb49b66361707a393243b98b2ff3c582a6e99de153d827312c5ead6774,235942
2026-10-04T04:13:28.297660+00:00,data/raw/ccmp/ccmp_daily_2020-03-23.nc,1cd9f5e214b3d1ef5452773d1960ec78d199d50d4a7ceee6b5e0d93354bd0dfa,235942
2026-10-04T04:16:40.429584+00:00,data/raw/ccmp/ccmp_daily_2020-03-24.nc,28209fc4b1ae7f55fc4dfb2294ee00ca79989941daacee39bccf8e4141409daf,235942
2026-10-04T04:19:30.452315+00:00,data/raw/ccmp/ccmp_daily_2020-03-25.nc,3fee6098fb6ed062ae0e7fc7e1921b41f54c9f84bfcb6de12948b2751a335a80,235942
2026-10-04T04:21:09.092290+00:00,data/raw/ccmp/ccmp_daily_2020-03-26.nc,4142fc9ea3c401a48abe21ce46586616409df435b806df1a4febf26fec59af47,235942
2026-10-04T04:24:15.847578+00:00,data/raw/ccmp/ccmp_daily_2020-03-27.nc,b39269499b59b1744ac689b045aab47754f32c08a8d39008555b7ead71bb3c53,235942
2026-10-04T04:27:09.690261+00:00,data/raw/ccmp/ccmp_daily_2020-03-28.nc,6e75d3f30a92c193eaff930faf3fb72f62148d16b90b8986eaa2d354267a215a,235942
2026-10-04T04:30:40.919393+00:00,data/raw/ccmp/ccmp_daily_2020-03-29.nc,e62e9e621c7168f9b7bdd7e20c7ffeded87d8d1c186c9bc67c599b100a215ff3,235942
2026-10-04T04:33:37.765084+00:00,data/raw/ccmp/ccmp_daily_2020-03-30.nc,883883b0e99e97ca52a6d81131aa0db57acc40f7beab058199b718bffa3256d3,235942
2026-10-04T04:36:42.249885+00:00,data/raw/ccmp/ccmp_daily_2020-03-31.nc,014598d10f5d5a05999dd70749d408b4f3dd1401bfef72ed3a4c7abac9a562d1,235942
2026-10-04T04:40:06.793770+00:00,data/raw/ccmp/ccmp_daily_2020-04-01.nc,ed7d1ad84894d5fea2045dbfb8eabea965466886f6ad4ff55d6d1a46705b5da1,235942
2026-10-04T04:43:08.814247+00:00,data/raw/ccmp/ccmp_daily_2020-04-02.nc,28c31a73fcc1c9f3147ffdcc39db33b31cc75cbb6e8829ef0326bcfa676a7ca6,235942
2026-10-04T04:46:46.582620+00:00,data/raw/ccmp/ccmp_daily_2020-04-03.nc,6db4176b66319bef56ff8f07861b6e5cf4e2c8123997e5bd1f65befd931e665e,235942
2026-10-04T04:50:18.853178+00:00,data/raw/ccmp/ccmp_daily_2020-04-04.nc,a91eb83b4fc2fa059461df4b51a6dd2b20a6bcf8bff931da445644c831856cf6,235942
2026-10-04T04:53:40.045301+00:00,data/raw/ccmp/ccmp_daily_2020-04-05.nc,7c9367674b01227916dd541eef5bcbadd3983f67cc1058c1d736b1bcafe6131f,235942
2026-10-04T04:56:00.065975+00:00,data/raw/ccmp/ccmp_daily_2020-04-06.nc,af297d1011db108c950adf5ad38d61d4e39fa274cf66c547720376b7b0e46cfd,235942
2026-10-04T04:58:57.862387+00:00,data/raw/ccmp/ccmp_daily_2020-04-07.nc,42958f2e7a3b2f36f7b6548026711712c0173ae74747d76e592aaf1e6e6c79e6,235942
2026-10-04T05:00:49.118461+00:00,data/raw/ccmp/ccmp_daily_2020-04-08.nc,4253122c3a05b1daf777498dbcd3d23b9dd3d0043c4d0d3f49128f4c2d04e9fb,235942
2026-10-04T05:02:29.310488+00:00,data/raw/ccmp/ccmp_daily_2020-04-09.nc,c8df7c31b5acf57f6e586b7eefb52a43a8bb04b29f3101fe16e85b77a743f9fb,235942
2026-10-04T05:04:13.759973+00:00,data/raw/ccmp/ccmp_daily_2020-04-10.nc,72d54c7625c37f5eb3cb3571d7ee709a95ed3161d5fcd1dd0cb9f2c56ccbf71a,235942
2026-10-04T05:06:51.909518+00:00,data/raw/ccmp/ccmp_daily_2020-04-11.nc,e94845bbbf157cd872704e90edb7c99ff29b40c7bf1caf24b7f27229fe834a07,235942
2026-10-04T05:09:32.080418+00:00,data/raw/ccmp/ccmp_daily_2020-04-12.nc,cb050e710531edd99033d63d6f2799d57484db43123b4f1345ea8d7ff5eaf111,235942
2026-10-04T05:12:15.334263+00:00,data/raw/ccmp/ccmp_daily_2020-04-13.nc,de493d5db5c6eb6e5e91cf68404bbbcb0b93b1973a50a4f5eee2411e7e4f45a2,235942
2026-10-04T05:14:44.737065+00:00,data/raw/ccmp/ccmp_daily_2020-04-14.nc,f165800809540cbdd1009be314da12073c4b2539914c91af083b9c3cff0e7d1a,235942
2026-10-04T05:17:04.088716+00:00,data/raw/ccmp/ccmp_daily_2020-04-15.nc,bd8b0621186d59191e3fab65b350f9f15499ff1861e1e4a1d1f8017ec5c26091,235942
2026-10-04T05:19:55.583560+00:00,data/raw/ccmp/ccmp_daily_2020-04-16.nc,187c42161dc18887ea00d061a9bd3820efca9eb7ab052857a76cd89da2f21cf0,235942
2026-10-04T05:23:32.751374+00:00,data/raw/ccmp/ccmp_daily_2020-04-17.nc,a64f9e129e29b5b6b2d39a94472c713d684dca4f502adbebe007135f11963179,235942
2026-10-04T05:26:07.478844+00:00,data/raw/ccmp/ccmp_daily_2020-04-18.nc,2ed6447dfa2650f0f3fa5f7a6acde412afc275796843fb8b5032f224231149b6,235942
2026-10-04T05:28:48.957044+00:00,data/raw/ccmp/ccmp_daily_2020-04-19.nc,f80465576043d937e97fffbc67a22f26e843819ded0b1f52d5d6a7118cc1ff41,235942
