chunk_key,dataset,dataset_id,variable,start_datetime,end_datetime,bbox,depth_range,output_file,size,checksum,status,retry_count,error,timestamp
ARGO_TEMP_2020-01-01_2020-01-07,ARGO,ArgoFloats,TEMP,2020-01-01,2020-01-07,"(5.0, 30.0, 45.0, 105.0)","(0.0, 1000.0)",data/raw/argo\argo_profiles_2020-01-01_2020-01-07.csv,1470866,4e709927b7caf00a3f951d09ce8385eaee6ec38988b05b152f95055790f95dfd,COMPLETE,0,,2026-10-02T08:31:52.180069+00:00
"CCMP_UWND,VWND_2020-01-01_2020-01-01",CCMP,CCMP_WINDS_10M6HR_L4_V3.1,"uwnd,vwnd",2020-01-01,2020-01-01,"(5.0, 30.0, 45.0, 105.0)","(0, 0)",data/raw/ccmp\ccmp_daily_2020-01-01.nc,235942,3727c765961b3a386f95c46bdeb0c94819fc5d9a7123d6c5093a44f9650bf8e5,DOWNLOADING,0,,2026-10-02T18:57:01.161957+00:00
"CCMP_UWND,VWND_2020-01-02_2020-01-02",CCMP,CCMP_WINDS_10M6HR_L4_V3.1,"uwnd,vwnd",2020-01-02,2020-01-02,"(5.0, 30.0, 45.0, 105.0)","(0, 0)",data/raw/ccmp\ccmp_daily_2020-01-02.nc,235942,88bb17ee09f6757d7d10848f02c324c2237ac120fb1a6284202eab86e02e2785,DOWNLOADING,0,,2026-10-02T18:58:37.499349+00:00
"CCMP_UWND,VWND_2020-01-03_2020-01-03",CCMP,CCMP_WINDS_10M6HR_L4_V3.1,"uwnd,vwnd",2020-01-03,2020-01-03,"(5.0, 30.0, 45.0, 105.0)","(0, 0)",data/raw/ccmp\ccmp_daily_2020-01-03.nc,235942,b07e38a8ca865f2ee4d0ed6aa58fb354d5411ca2310876a1cc165a632362e6ff,DOWNLOADING,0,,2026-10-02T19:00:16.656954+00:00
"CCMP_UWND,VWND_2020-01-04_2020-01-04",CCMP,CCMP_WINDS_10M6HR_L4_V3.1,"uwnd,vwnd",2020-01-04,2020-01-04,"(5.0, 30.0, 45.0, 105.0)","(0, 0)",data/raw/ccmp\ccmp_daily_2020-01-04.nc,235942,4dc23f298db7c7b3acd2428c1dd969a5b21efa0b62ccf0ffe82080674134039b,DOWNLOADING,0,,2026-10-02T19:02:10.471074+00:00
"CCMP_UWND,VWND_2020-01-05_2020-01-05",CCMP,CCMP_WINDS_10M6HR_L4_V3.1,"uwnd,vwnd",2020-01-05,2020-01-05,"(5.0, 30.0, 45.0, 105.0)","(0, 0)",data/raw/ccmp\ccmp_daily_2020-01-05.nc,235942,afbc5226027601b97d0b3ff9f31a0ba528445c29095585190cfaed564728fe64,DOWNLOADING,0,,2026-10-02T19:04:11.991742+00:00
"CCMP_UWND,VWND_2020-01-06_2020-01-06",CCMP,CCMP_WINDS_10M6HR_L4_V3.1,"uwnd,vwnd",2020-01-06,2020-01-06,"(5.0, 30.0, 45.0, 105.0)","(0, 0)",data/raw/ccmp\ccmp_daily_2020-01-06.nc,235942,71744715b339eb194284a382915eab787bdd0205c02463a9d8f2838f633daa6e,DOWNLOADING,0,,2026-10-02T19:05:15.441614+00:00
"CCMP_UWND,VWND_2020-01-07_2020-01-07",CCMP,CCMP_WINDS_10M6HR_L4_V3.1,"uwnd,vwnd",2020-01-07,2020-01-07,"(5.0, 30.0, 45.0, 105.0)","(0, 0)",data/raw/ccmp\ccmp_daily_2020-01-07.nc,235942,f140fa442a8d0a9f77eac345798dc3592d184d94e36e34bd6e9ee481afee21a0,DOWNLOADING,0,,2026-10-02T19:06:01.009353+00:00
"OSCAR_U,V_2020-01-01_2020-01-01",OSCAR,OSCAR_L4_OC_FINAL_V2.0,"u,v",2020-01-01,2020-01-01,"(5.0, 30.0, 45.0, 105.0)","(0, 0)",data/raw/oscar\oscar_2020-01-01.nc,0,,DOWNLOADING,0,,2026-10-02T18:56:39.280593+00:00
CCMP_UWND_VWND_2020-01-01_2020-01-01,CCMP,CCMP_WINDS_10M6HR_L4_V3.1,uwnd_vwnd,2020-01-01,2020-01-01,"(5.0, 30.0, 45.0, 105.0)","(0, 0)",data/raw/ccmp\ccmp_daily_2020-01-01.nc,235942,3727c765961b3a386f95c46bdeb0c94819fc5d9a7123d6c5093a44f9650bf8e5,COMPLETE,0,,2026-10-02T19:11:12.086005+00:00
CCMP_UWND_VWND_2020-01-02_2020-01-02,CCMP,CCMP_WINDS_10M6HR_L4_V3.1,uwnd_vwnd,2020-01-02,2020-01-02,"(5.0, 30.0, 45.0, 105.0)","(0, 0)",data/raw/ccmp\ccmp_daily_2020-01-02.nc,235942,88bb17ee09f6757d7d10848f02c324c2237ac120fb1a6284202eab86e02e2785,COMPLETE,0,,2026-10-02T19:12:30.142394+00:00
CCMP_UWND_VWND_2020-01-03_2020-01-03,CCMP,CCMP_WINDS_10M6HR_L4_V3.1,uwnd_vwnd,2020-01-03,2020-01-03,"(5.0, 30.0, 45.0, 105.0)","(0, 0)",data/raw/ccmp\ccmp_daily_2020-01-03.nc,235942,b07e38a8ca865f2ee4d0ed6aa58fb354d5411ca2310876a1cc165a632362e6ff,COMPLETE,0,,2026-10-02T19:13:46.331166+00:00
CCMP_UWND_VWND_2020-01-04_2020-01-04,CCMP,CCMP_WINDS_10M6HR_L4_V3.1,uwnd_vwnd,2020-01-04,2020-01-04,"(5.0, 30.0, 45.0, 105.0)","(0, 0)",data/raw/ccmp\ccmp_daily_2020-01-04.nc,235942,4dc23f298db7c7b3acd2428c1dd969a5b21efa0b62ccf0ffe82080674134039b,COMPLETE,0,,2026-10-02T19:15:48.976671+00:00
CCMP_UWND_VWND_2020-01-05_2020-01-05,CCMP,CCMP_WINDS_10M6HR_L4_V3.1,uwnd_vwnd,2020-01-05,2020-01-05,"(5.0, 30.0, 45.0, 105.0)","(0, 0)",data/raw/ccmp\ccmp_daily_2020-01-05.nc,235942,afbc5226027601b97d0b3ff9f31a0ba528445c29095585190cfaed564728fe64,COMPLETE,0,,2026-10-02T19:17:15.848267+00:00
CCMP_UWND_VWND_2020-01-06_2020-01-06,CCMP,CCMP_WINDS_10M6HR_L4_V3.1,uwnd_vwnd,2020-01-06,2020-01-06,"(5.0, 30.0, 45.0, 105.0)","(0, 0)",data/raw/ccmp\ccmp_daily_2020-01-06.nc,235942,71744715b339eb194284a382915eab787bdd0205c02463a9d8f2838f633daa6e,COMPLETE,0,,2026-10-02T19:19:00.228048+00:00
CCMP_UWND_VWND_2020-01-07_2020-01-07,CCMP,CCMP_WINDS_10M6HR_L4_V3.1,uwnd_vwnd,2020-01-07,2020-01-07,"(5.0, 30.0, 45.0, 105.0)","(0, 0)",data/raw/ccmp\ccmp_daily_2020-01-07.nc,235942,f140fa442a8d0a9f77eac345798dc3592d184d94e36e34bd6e9ee481afee21a0,COMPLETE,0,,2026-10-02T19:20:28.182263+00:00
